{"input_data_shape": [476, 10], "val_data_shape": [476, 10], "structure": [10, 8, 20, 2], "func": [["sigmoid", 1], ["sigmoid", 1], ["sigmoid", 1], ["linear", 1]], "starting_points": [0.001, 0.05, 0.05, 0.01], "eta": 5e-05, "lamb": 0.0001, "norm_L": 2, "alpha": 0, "nesterov": false, "epoch": 40, "train_MEE": [14.916190038659156, 9.696956511219692, 7.487433791805891, 7.380346099448144, 7.371119762396535, 7.3536897668004535, 7.334065051203162, 7.31334677333763, 7.2915955992966595, 7.268787583558909, 7.244933011969389, 7.220082860804358, 7.194319132903635, 7.16774225927106, 7.1404586819160905, 7.112570187976144, 7.084165864165329, 7.05531693191514, 7.026074242076211, 6.996467912895214, 6.966508484775747, 6.936188994495609, 6.905487480298895, 6.874369565588317, 6.842790898068138, 6.810699325700533, 6.778036766049982, 6.744740774169113, 6.710745841876339, 6.675984474255984, 6.640388092745024, 6.6038878122099165, 6.5664151346540365, 6.527902596307931, 6.488284398786547, 6.447497049207088, 6.405480028805685, 6.36217650465765, 6.317534094499211, 6.271505690244665], "train_MSE": [265.9328668124216, 124.97648661413399, 69.6342691224401, 63.724305809844736, 63.2376077387657, 62.910536389663875, 62.57835866464266, 62.23309876043747, 61.87283250714431, 61.49702239931113, 61.10603805082508, 60.700947045365446, 60.28330424761845, 59.85493061350555, 59.417705437632485, 58.97339385371475, 58.523521955320774, 58.06930185443142, 57.611601219214954, 57.15094741471065, 56.68755510857219, 56.221367185499396, 55.752100968207756, 55.279294197406664, 54.802347432572276, 54.320561253617576, 53.83316783244461, 53.339357175361904, 52.838298724725114, 52.32915916118742, 51.81111725633238, 51.28337655399565, 50.74517654985559, 50.19580291843861, 49.634597218269, 49.06096639566171, 48.47439230735335, 47.87444139123848, 47.26077453144477, 46.63315708727596], "val_MEE": [13.592122140886032, 7.969398181777612, 7.085281075701474, 7.117069324299753, 7.110657841318486, 7.093418687315284, 7.073915567209057, 7.0532313792930434, 7.031469719508028, 7.008655317172472, 6.984839739156845, 6.960104354346472, 6.934549473226998, 6.908282202589805, 6.881405768692546, 6.854011355877855, 6.826172779465405, 6.797943810763357, 6.7693576642928255, 6.740428034370169, 6.7111510867601325, 6.681507912946903, 6.651467087604174, 6.620987098384085, 6.5900185226076085, 6.558505902204926, 6.5263893184035835, 6.493605696661809, 6.460089886280628, 6.4257755633006175, 6.390596003723351, 6.354484769562924, 6.317376344473064, 6.279206749705421, 6.239914165427589, 6.199439577146212, 6.157727462144098, 6.1147265263652395, 6.070390497950692, 6.024678979527928], "val_MSE": [224.21567592629472, 86.83972622579964, 60.07189911262668, 59.16883545063539, 58.93397382724109, 58.635192419757445, 58.313966331800756, 57.97700192354696, 57.624872118047094, 57.25804934115624, 56.877558767946134, 56.484885023094215, 56.08177449011946, 55.670037803372516, 55.25138372220212, 54.827297836922604, 54.39896887951776, 53.9672577608319, 53.5327000826905, 53.09553153498746, 52.655726431214184, 52.21304164526276, 51.76706054599673, 51.31723364848537, 50.86291436404861, 50.4033893896419, 49.937903995301426, 49.46568285216757, 48.98594719870481, 48.497929155913155, 48.00088393665243, 47.49410059135097, 46.97691181747711, 46.448703246796526, 45.90892251879948, 45.35708835257688, 44.792799742398614, 44.21574532291003, 43.62571287671048, 43.022598888976134], "weights_epoch40": [[[-0.21814784653358898, 0.2657743188409868, 0.28330367344472884, -0.2934338529475964, 0.2845358058848576, 0.33903586069351316, -0.34316204148133256, -0.34296066601601505, -0.26857896168855383, 0.07781074484098886], [-0.11767811152967665, 0.40330612246034514, 0.2496699751846467, -0.42386938240324745, 0.37957060938164716, 0.2773288599407341, -0.2547383024351988, -0.32125166069564937, -0.2659508587530013, 0.19668941296544223], [-0.11453598404049324, 0.32909991175543973, 0.41957762000300636, -0.4578077101840189, 0.356986435618043, 0.3721136852219583, -0.3034494096922409, -0.32083428855216994, -0.36505111197670065, 0.14085481445751732], [-0.07278751590923416, 0.2245562788354334, 0.35929370863766513, -0.32107289782454906, 0.34191752445976986, 0.35548837057400795, -0.2489350837470612, -0.3971604738375332, -0.30906283485914815, 0.14552756889279353], [-0.14292813536628368, 0.38608770461348146, 0.32455586481921184, -0.2580993984001387, 0.24376908541465317, 0.27995402175645323, -0.38191216752179086, -0.22278107437779424, -0.17815137534010103, 0.22087461143525375], [-0.14973097090773013, 0.2684503643050286, 0.4091350022442501, -0.3307240848826165, 0.3531233181786375, 0.33371764069700943, -0.23872464418279907, -0.42631450727096215, -0.2404520227403453, 0.07560950811332696], [-0.1421395603950667, 0.26611293446434614, 0.22184839619578423, -0.28618151156189603, 0.2710428488357465, 0.3966546847590224, -0.21698700460838136, -0.38338799690609904, -0.21017786954680995, 0.19166180270738892], [-0.20765233493583715, 0.31106278471334114, 0.3205430243231331, -0.3161774455706937, 0.28079740207676984, 0.2570302159321941, -0.3592395379368256, -0.2423965664191231, -0.15476512930100228, 0.11835406362084525], [-0.19657850719622436, 0.2894091747150893, 0.2822412929828635, -0.37531163844671417, 0.3099362948873487, 0.2760706560295793, -0.3888156510351652, -0.39035035022314846, -0.3225791508008671, 0.05997803408065388], [-0.17109655334595972, 0.2974812097130032, 0.42503438841803004, -0.40638943709041925, 0.3967756798746896, 0.30461519460815706, -0.37286142621441537, -0.3728000469821207, -0.24062233865898222, 0.15892568443036173]], [[0.286759052044231, 0.3457878369091079, 0.4157389776560471, 0.2357735954384297, 0.31375303736341054, 0.20575145983279602, 0.21770647587789765, 0.184884790685156, 0.3436705358906585, 0.25030839214403744], [0.19399148784128706, 0.2296051040285164, 0.2881949303829999, 0.2681822829160532, 0.2272481055810462, 0.218889562889753, 0.18330271104685184, 0.3076158193669343, 0.3217725175718227, 0.41120996281356326], [0.21923661384749712, 0.31876933633539933, 0.3561278673134286, 0.27653575078953563, 0.2070517411943266, 0.33806722741157924, 0.2087813193577667, 0.18380033918340333, 0.3249697910178287, 0.41411307640274664], [0.2164028407371239, 0.21519458893243557, 0.3859783189495869, 0.14587724835161428, 0.23386238322935796, 0.27784181368599165, 0.2907021952445242, 0.20207864080201532, 0.26626299444810886, 0.34649893002336973], [0.21102197916834586, 0.3999220978608606, 0.3089915021274432, 0.35074136030307795, 0.165925903633931, 0.2762321218925764, 0.21386540395623227, 0.2875816675656381, 0.2391616741387776, 0.28509710942883965], [0.3200098139685057, 0.301975383751044, 0.3681845023875749, 0.327721451214989, 0.1414539471847129, 0.275987119444461, 0.15073354699172628, 0.15039772854957945, 0.24906301125898528, 0.2891044607551257], [0.2804216676792632, 0.2359746022090853, 0.44574828063096555, 0.32316759030797443, 0.30070107855511974, 0.31859827763350235, 0.2513333077937637, 0.22367783897212806, 0.23158284816308014, 0.3992575760098225], [0.23082172276541188, 0.20906097763743775, 0.2796324116862082, 0.19654244670955556, 0.12004409304268872, 0.3377535164269125, 0.16889541271787117, 0.16510622035273112, 0.27612378979745655, 0.352854919242484]], [[0.3113567903760171, 0.2340039774601609, 0.3188807464788076, 0.22197144279598816, 0.21345953116155927, 0.2428957894751664, 0.16554499824167165, 0.0858538544885141], [0.13346315956464289, 0.2588202745105671, 0.15019620403242004, 0.15614123500491103, 0.3068049345066002, 0.229640273817185, 0.34692598033320515, 0.12327190874962393], [0.1938639583678323, 0.27097275850970154, 0.15994969701465364, 0.17320493984302468, 0.18126206342663317, 0.2399677106376813, 0.22182536406103304, 0.168668619108037], [0.22574507649030517, 0.14410951353395968, 0.3034216522788649, 0.2071754104853262, 0.23410810185512362, 0.2769608937617923, 0.33109444691222606, 0.12436163658580904], [0.3132986607125263, 0.2076957487612755, 0.2406028838045889, 0.20383864259203593, 0.1528951992939985, 