{"input_data_shape": [1000, 10], "val_data_shape": [476, 10], "structure": [10, 8, 20, 2], "func": [["sigmoid", 1], ["sigmoid", 1], ["sigmoid", 1], ["linear", 1]], "starting_points": [0.001, 0.05, 0.05, 0.01], "eta": 5e-05, "lamb": 0.0001, "norm_L": 2, "alpha": 0, "nesterov": false, "epoch": 50, "train_MEE": [14.701537442054502, 9.364777581903814, 7.430657650495422, 7.354475257716378, 7.338208330882895, 7.316061404990412, 7.292626972416516, 7.268524648340036, 7.243786347486426, 7.218428657767898, 7.192493618527555, 7.166038505476514, 7.139124711551211, 7.11180938746239, 7.084139729155853, 7.056149597350182, 7.027858064728375, 6.999269415648845, 6.970374122370035, 6.9411503831512835, 6.911565901238672, 6.881579682268135, 6.851143713947568, 6.820204458783877, 6.788704137542509, 6.756581810984698, 6.723774284321273, 6.690216866714715, 6.6558440202974385, 6.6205899319419075, 6.584389038033935, 6.547176528774754, 6.5088888546441686, 6.469464253877318, 6.428843316237692, 6.386969594997491, 6.3437902757955635, 6.299256907843361, 6.253326199701376, 6.20596087847808, 6.157130607761808, 6.10681295586787, 6.054994402091031, 6.00167136466312, 5.946851230135853, 5.890553360092224, 5.83281004762649, 5.77366739314354, 5.713186066951954, 5.651441925102974, 5.5885264451883465], "train_MSE": [259.51323583550726, 117.38321411003717, 67.47979906325193, 63.132456633975465, 62.65225824337084, 62.26737540306151, 61.878600839493544, 61.48161868730536, 61.07613786208562, 60.66268064596904, 60.24214787056904, 59.81561713004792, 59.38418650802213, 58.948853507832375, 58.51043221249717, 58.069507151199446, 57.62641794821284, 57.1812667597641, 56.73394044928937, 56.284140638585846, 55.83141647713235, 55.37519668611223, 54.91481888137173, 54.4495552634484, 53.97863449494949, 53.50126002926702, 53.01662538639657, 52.5239269609571, 52.02237494898334, 51.51120293252157, 50.98967658996214, 50.457101920728576, 49.9128332937435, 49.35628155380695, 48.78692234974481, 48.20430478256416, 47.60806040991088, 46.997912583808535, 46.3736860411563, 45.735316610431944, 45.08286084372135, 44.4165053314727, 43.736575409806846, 43.04354292899065, 42.338032719506934, 41.620827372105545, 40.89286994349217, 40.15526421292924, 39.409272149480316, 38.656308306512535, 37.89793093968216], "val_MEE": [13.289854615022723, 7.704360434500746, 7.069194009609751, 7.089799887719746, 7.075128278086285, 7.0533377796010726, 7.0302922718021605, 7.006577496646117, 6.98224341581741, 6.957326753321697, 6.931882345565133, 6.905972113454343, 6.87965516519971, 6.852981333780718, 6.825987446759708, 6.79869568296381, 6.771113455354607, 6.743234314761355, 6.715039446575587, 6.686499430389588, 6.657576032743162, 6.6282238908844215, 6.598392013809002, 6.568025075110283, 6.537064503134063, 6.505449391640296, 6.473117262619543, 6.440004715392568, 6.406047995086812, 6.37118351070378, 6.335348329318631, 6.298480669091831, 6.260520410024794, 6.221409637867866, 6.181093233288523, 6.139519515269875, 6.09664094465017, 6.052414890647614, 6.006804460069267, 5.95977938562978, 5.911316966387246, 5.8614030497567455, 5.8100330409429715, 5.757212922036348, 5.702960259575425, 5.647305176259586, 5.5902912598963805, 5.5319763808043625, 5.472433387993815, 5.411750654743547, 5.3500324458945245], "val_MSE": [215.9218754177431, 80.91180239423572, 59.27508263938207, 58.637969567847556, 58.33064641439813, 57.97339348096062, 57.60174465330275, 57.22109326593619, 56.832559843721825, 56.43706721369081, 56.03566118515086, 55.62941129415254, 55.21929663287252, 54.80612439027047, 54.39048380181088, 53.972730061019085, 53.55299048418233, 53.13118515185285, 52.70705537734141, 52.28019498264722, 51.85008101244512, 51.416101918014775, 50.97758229709008, 50.533803990809055, 50.08402377459462, 49.627488109157554, 49.16344550801596, 48.69115708200718, 48.20990577710532, 47.71900475435578, 47.2178052849521, 46.70570445762497, 46.1821529233677, 45.64666283521523, 45.0988160780261, 44.53827282407293, 43.964780393713134, 43.37818234570254, 42.77842766848016, 42.165579892186244, 41.53982589209936, 40.90148410903005, 40.2510118730276, 39.58901148607821, 38.91623470018171, 38.233585222300114, 37.54211889004097, 36.84304119394737, 36.137701875465595, 35.42758640440495, 34.71430423486787],