{"input_data_shape": [476, 10], "val_data_shape": [476, 10], "structure": [10, 8, 20, 2], "func": [["sigmoid", 1], ["sigmoid", 1], ["sigmoid", 1], ["linear", 1]], "starting_points": [0.001, 0.05, 0.05, 0.01], "eta": 5e-05, "lamb": 0.0001, "norm_L": 2, "alpha": 0, "nesterov": false, "epoch": 40, "train_MEE": [14.916190038659156, 9.696956511219692, 7.487433791805891, 7.380346099448144, 7.371119762396535, 7.3536897668004535, 7.334065051203162, 7.31334677333763, 7.2915955992966595, 7.268787583558909, 7.244933011969389, 7.220082860804358, 7.194319132903635, 7.16774225927106, 7.1404586819160905, 7.112570187976144, 7.084165864165329, 7.05531693191514, 7.026074242076211, 6.996467912895214, 6.966508484775747, 6.936188994495609, 6.905487480298895, 6.874369565588317, 6.842790898068138, 6.810699325700533, 6.778036766049982, 6.744740774169113, 6.710745841876339, 6.675984474255984, 6.640388092745024, 6.6038878122099165, 6.5664151346540365, 6.527902596307931, 6.488284398786547, 6.447497049207088, 6.405480028805685, 6.36217650465765, 6.317534094499211, 6.271505690244665], "train_MSE": [265.9328668124216, 124.97648661413399, 69.6342691224401, 63.724305809844736, 63.2376077387657, 62.910536389663875, 62.57835866464266, 62.23309876043747, 61.87283250714431, 61.49702239931113, 61.10603805082508, 60.700947045365446, 60.28330424761845, 59.85493061350555, 59.417705437632485, 58.97339385371475, 58.523521955320774, 58.06930185443142, 57.611601219214954, 57.15094741471065, 56.68755510857219, 56.221367185499396, 55.752100968207756, 55.279294197406664, 54.802347432572276, 54.320561253617576, 53.83316783244461, 53.339357175361904, 52.838298724725114, 52.32915916118742, 51.81111725633238, 51.28337655399565, 50.74517654985559, 50.19580291843861, 49.634597218269, 49.06096639566171, 48.47439230735335, 47.87444139123848, 47.26077453144477, 46.63315708727596], "val_MEE": [13.592122140886032, 7.969398181777612, 7.085281075701474, 7.117069324299753, 7.110657841318486, 7.093418687315284, 7.073915567209057, 7.0532313792930434, 7.031469719508028, 7.008655317172472, 6.984839739156845, 6.960104354346472, 6.934549473226998, 6.908282202589805, 6.881405768692546, 6.854011355877855, 6.826172779465405, 6.797943810763357, 6.7693576642928255, 6.740428034370169, 6.7111510867601325, 6.681507912946903, 6.651467087604174, 6.620987098384085, 6.5900185226076085, 6.558505902204926, 6.5263893184035835, 6.493605696661809, 6.460089886280628, 6.4257755633006175, 6.390596003723351, 6.354484769562924, 6.317376344473064, 6.279206749705421, 6.239914165427589, 6.199439577146212, 6.157727462144098, 6.1147265263652395, 6.070390497950692, 6.024678979527928], "val_MSE": [224.21567592629472, 86.83972622579964, 60.07189911262668, 59.16883545063539, 58.93397382724109, 58.635192419757445, 58.313966331800756, 57.97700192354696, 57.624872118047094, 57.25804934115624, 56.877558767946134, 56.484885023094215, 56.08177449011946, 55.670037803372516, 55.25138372220212, 54.827297836922604, 54.39896887951776, 53.9672577608319, 53.5327000826905, 53.09553153498746, 52.655726431214184, 52.21304164526276, 51.76706054599673, 51.31723364848537, 50.86291436404861, 50.4033893896419, 49.937903995301426, 49.46568285216757, 48.98594719870481, 48.497929155913155, 48.00088393665243, 47.49410059135097, 46.97691181747711, 46.448703246796526, 45.90892251879948, 45.35708835257688, 44.792799742398614, 44.21574532291003, 43.62571287671048, 43.022598888976134], "weights_epoch40": [[[-0.16015795608771435, 0.37295914867824587, 0.37165011063171516, -0.281580866312436, 0.3181626749970324, 0.31401579827686893, -0.4097204485069319, -0.34290295852805386, -0.2299224154806332, 0.12516992061418822], [-0.15403474479632154, 0.16147613797662083, 0.1990326862197498, -0.23298080943745908, 0.23352265798124636, 0.2517456319089494, -0.154423871537852, -0.1862633482890664, -0.25994455464785265, 0.04988732129144105], [-0.2368523538802592, 0.4078517023603827, 0.34467919798385205, -0.3149658401153216, 0.25637821548514583, 0.4247455012431614, -0.4295039187666078, -0.3952276349173315, -0.23006977335819623, 0.1342781909150982], [0.15516651104011916, -0.19909919761694359, -0.27309606163661576, 0.3162577589855897, -0.1757130743204869, -0.26916927724362527, 0.2898573489701371, 0.20939215746491005, 0.11566585143874025, -0.1703310691004602], [-0.1784469459493564, 0.1518766428079407, 0.1822187825634989, -0.1709050073431456, 0.2465523528211187, 0.14400626673150663, -0.18150264710658318, -0.3212521641196878, -0.11146833421384979, 0.12992604719268272], [-0.08447783924621073, 0.3351989219514653, 0.29368206050017825, -0.2903904582768855, 0.19700471759192428, 0.35547945563650934, -0.31334067243206615, -0.388915805261763, -0.33951951702648486, 0.14150481502592577], [-0.07914361328702614, 0.4030506706211723, 0.41579776930378004, -0.3537084303239711, 0.33552178726567744, 0.29495564501746413, -0.3519909535922591, -0.4022031335981748, -0.29548020230175265, 0.12061942287590445], [-0.06410825897897411, 0.2832472154177933, 0.36357459471848946, -0.2586828923679031, 0.35738776214908, 0.34414198714200944, -0.35640785313246853, -0.4006843783621382, -0.23983491517284464, 0.04013306026303735], [-0.20805747380868075, 0.3263990838454714, 0.38308739546655446, -0.3553344192759963, 0.238000783300816, 0.45474859469290413, -0.4227843516789487, -0.3759630233185799, -0.389251341978449, 0.16963030745059393], [-0.14280360725633326, 0.35278059915410725, 0.4098519062072246, -0.35151576672275087, 0.27988955695039747, 0.32777711935401505, -0.39017247627723883, -0.3040664320504932, -0.25480127904432115, 0.06048724959292642]], [[0.3778453692129522, 0.14412196240455075, 0.41540759142186773, -0.3384786572071763, 0.15669869487161642, 0.34172800268762854, 0.30896351520029214, 0.23699678899912144, 0.39359121744204245, 0.21184091975939548], [0.23191148234215406, 0.06390742832402621, 0.3925950039315503, -0.4011488179399964, 0.09093490910650744, 0.32914824923472324, 0.30316608613597223, 0.303653677382374, 0.46872169510676465, 0.28777251612677696], [0.34826383582922743, 0.07951075241871408, 0.36538773924090745, -0.47249148706540783, 0.0598516951331957, 0.22978290136166774, 0.3607414865356369, 0.3615243342847685, 0.3772691838533084, 0.333932519779257], [0.23640996932150074, 0.08317540497741288, 0.32053802518653557, -0.4680708444877946, 0.08724476256909733, 0.35496312030459765, 0.38832385713898887, 0.2132222028747905, 0.4792777502792398, 0.3855568802583767], [0.2656254879253064, 0.08855882760583586, 0.2451156138770327, -0.29279764799913216, 0.220280376025031, 0.23816640616901152, 0.3215743488051781, 0.19654633878769406, 0.27784771278352616, 0.29313449675481307], [0.287578047409339, 0.19651431481778175, 0.3298562608181646, -0.40255623778244426, 0.04549514189415369, 0.22437188834002497, 0.4142932433288439, 0.3694520073509889, 0.338107750676855, 0.38792240539470746], [0.3835310324660991, 0.12998534636708983, 0.36882017117107607, -0.43394008133916573, 0.02112241337331051, 0.2101088913789342, 0.4111934255638377, 0.3149243485052444, 0.44538777144321623, 0.2534028418442283], [0.2866297806939446, 0.17334155779306762, 0.3807243414086644, -0.3594876300548929, 0.14035035814610775, 0.19225163171401793, 0.2467652258006405, 0.24518615333431576, 0.29921980673348353, 0.2611306609885423]], [[0.29418895899398056, 0.25140563575455893, 0.3043050884370293, 0.2711655377690482, 0.15270201426983004, 0.261041463080008, 0.15911286115722217, 0.15737087315911713], [0.27122046545675604, 0.13341306510093712, 0.32795655047658256, 0.26513933859818417, 0.237808484000109, 0.19627678184536101, 0.20943684243982522, 0.25073388364375643], [0.25992466621150406, 0.1706428281597976, 0.25535711016852675, 0.22537518952269517, 0.1719283086703859, 0.18394133450071679, 0.34460298293405023, 0.23390919002073426], [0.22532396914229547, 0.22019405706595693, 0.17772637856797938, 0.20228489801647054, 0.14543844381576926, 0.18116551599916383, 0.2905650186498094, 0.21821543175092364], [0.2014473900387592, 0.27810609386785334, 0.31130192151167835, 0.24875003135037244, 